DialoGPT-small,BlenderBot-small,GPT-2
(no response),i ' m good . just got back from a long day at work . how are you ?,"I'm a little bit nervous. I'm not sure if I'm going to be able to do this, but I'm going to be able to do it. I'm going to be"
jpeg,i ' m not sure what you ' re asking me to tell you . what do you want to tell me ?,"I'm not going to tell you a joke.

I'm not going to tell you a joke.

I'm not going to tell you a joke.

I'm"
(no response),artificial intelligence is a type of artificial intelligence that is used to diagnose and diagnose problems .,AI is a new field of research that has been around for a long time. It is a new field of research that has been around for a long time. It is a new field of
(no response),"i ' m not sure how to start , but it ' s a great language to learn .",Python is a programming language that is designed to be used in many different ways. It is a language that is designed to be used in many different ways. It is a language that is designed
(no response),i don ' t know . i ' m not sure . i just want to be happy .,"The meaning of life is that we are living in a world that is not ours.

The meaning of life is that we are living in a world that is not ours."
(no response),i think i ' m going to have to go back to sleep . i can ' t sleep .,"I'm sorry, but I'm not sure what to do.

I'm sorry, but I'm not sure what to do.

I'm sorry, but I'm not"
